Driver,Team,LapNumber,StintNumber,Compound,LapTime,LapTimeSeconds,TrackStatus,IsAccurate,PitInLap,Sector1Time,Sector2Time,Sector3Time
VER,Red Bull Racing,1.0,1.0,HARD,,,1,False,,,0 days 00:00:42.104000,0 days 00:00:26.743000
VER,Red Bull Racing,2.0,1.0,HARD,0 days 00:01:16.802000,76.802,1,True,,0 days 00:00:22.782000,0 days 00:00:30.530000,0 days 00:00:23.490000
VER,Red Bull Racing,3.0,1.0,HARD,0 days 00:02:14.993000,134.993,1,True,,0 days 00:00:50.693000,0 days 00:00:57.385000,0 days 00:00:26.915000
VER,Red Bull Racing,4.0,1.0,HARD,0 days 00:01:15.805000,75.805,1,True,,0 days 00:00:22.270000,0 days 00:00:30.384000,0 days 00:00:23.151000
VER,Red Bull Racing,5.0,1.0,HARD,0 days 00:02:21.227000,141.227,1,False,,0 days 00:00:44.629000,0 days 00:00:56.076000,0 days 00:00:40.522000
VER,Red Bull Racing,6.0,2.0,HARD,0 days 00:02:12.418000,132.418,1,False,,0 days 00:00:51.475000,0 days 00:00:48.210000,0 days 00:00:32.733000
VER,Red Bull Racing,7.0,2.0,HARD,0 days 00:01:15.516000,75.516,1,True,,0 days 00:00:22.126000,0 days 00:00:30.419000,0 days 00:00:22.971000
VER,Red Bull Racing,8.0,2.0,HARD,0 days 00:01:32.990000,92.99,1,False,,0 days 00:00:26.448000,0 days 00:00:38.052000,0 days 00:00:28.490000
VER,Red Bull Racing,9.0,3.0,SOFT,,,1,False,,,0 days 00:00:45.992000,0 days 00:00:26.374000
VER,Red Bull Racing,10.0,3.0,SOFT,0 days 00:01:14.085000,74.085,1,True,,0 days 00:00:21.924000,0 days 00:00:29.685000,0 days 00:00:22.476000
VER,Red Bull Racing,11.0,3.0,SOFT,0 days 00:01:45.656000,105.656,1,False,,0 days 00:00:32.189000,0 days 00:00:39.319000,0 days 00:00:34.148000
VER,Red Bull Racing,12.0,4.0,SOFT,,,12,False,,,0 days 00:00:33.416000,0 days 00:00:26.619000
VER,Red Bull Racing,13.0,4.0,SOFT,0 days 00:01:19.917000,79.917,1,True,,0 days 00:00:23.922000,0 days 00:00:32.115000,0 days 00:00:23.880000
VER,Red Bull Racing,14.0,4.0,SOFT,0 days 00:01:19.596000,79.596,1,True,,0 days 00:00:23.793000,0 days 00:00:32.022000,0 days 00:00:23.781000
VER,Red Bull Racing,15.0,4.0,SOFT,0 days 00:01:19.508000,79.508,1,True,,0 days 00:00:23.719000,0 days 00:00:31.936000,0 days 00:00:23.853000
VER,Red Bull Racing,16.0,4.0,SOFT,0 days 00:01:19.736000,79.736,1,True,,0 days 00:00:23.414000,0 days 00:00:32.192000,0 days 00:00:24.130000
VER,Red Bull Racing,17.0,4.0,SOFT,,,1,False,,0 days 00:00:36.889000,0 days 00:01:06.555000,0 days 00:00:55.677000
VER,Red Bull Racing,18.0,4.0,SOFT,0 days 00:01:49.521000,109.521,1,False,,0 days 00:00:48.356000,0 days 00:00:32.830000,0 days 00:00:28.335000
NOR,McLaren,1.0,1.0,HARD,,,1,False,,,0 days 00:00:37.185000,0 days 00:00:28.656000
NOR,McLaren,2.0,1.0,HARD,0 days 00:01:16.095000,76.095,1,True,,0 days 00:00:22.567000,0 days 00:00:30.494000,0 days 00:00:23.034000
NOR,McLaren,3.0,1.0,HARD,0 days 00:01:59.624000,119.624,1,True,,0 days 00:00:29.696000,0 days 00:00:55.689000,0 days 00:00:34.239000
NOR,McLaren,4.0,1.0,HARD,0 days 00:01:15.633000,75.633,1,True,,0 days 00:00:22.311000,0 days 00:00:30.244000,0 days 00:00:23.078000
NOR,McLaren,5.0,1.0,HARD,0 days 00:01:56.771000,116.771,1,True,,0 days 00:00:26.210000,0 days 00:00:51.467000,0 days 00:00:39.094000
NOR,McLaren,6.0,1.0,HARD,0 days 00:02:06.784000,126.784,1,True,,0 days 00:00:40.900000,0 days 00:00:51.691000,0 days 00:00:34.193000
NOR,McLaren,7.0,1.0,HARD,0 days 00:01:15.259000,75.259,1,True,,0 days 00:00:22.120000,0 days 00:00:30.198000,0 days 00:00:22.941000
NOR,McLaren,8.0,1.0,HARD,0 days 00:01:24.227000,84.227,1,False,,0 days 00:00:22.853000,0 days 00:00:30.840000,0 days 00:00:30.534000
NOR,McLaren,9.0,2.0,HARD,,,1,False,,,0 days 00:00:40.173000,0 days 00:00:25.517000
NOR,McLaren,10.0,2.0,HARD,0 days 00:01:16.431000,76.431,1,True,,0 days 00:00:22.413000,0 days 00:00:30.662000,0 days 00:00:23.356000
NOR,McLaren,11.0,2.0,HARD,0 days 00:01:23.276000,83.276,1,False,,0 days 00:00:22.759000,0 days 00:00:30.686000,0 days 00:00:29.831000
NOR,McLaren,12.0,3.0,SOFT,,,1,False,,,0 days 00:00:41.047000,0 days 00:00:25.288000
NOR,McLaren,13.0,3.0,SOFT,0 days 00:01:13.718000,73.718,1,True,,0 days 00:00:21.866000,0 days 00:00:29.453000,0 days 00:00:22.399000
NOR,McLaren,14.0,3.0,SOFT,0 days 00:02:06.206000,126.206,1,False,,0 days 00:00:26.211000,0 days 00:00:52.315000,0 days 00:00:47.680000
NOR,McLaren,15.0,4.0,SOFT,0 days 00:02:22.456000,142.456,1,False,,0 days 00:01:07.323000,0 days 00:00:49.909000,0 days 00:00:25.224000
NOR,McLaren,16.0,4.0,SOFT,0 days 00:01:14.500000,74.5,1,True,,0 days 00:00:22.148000,0 days 00:00:29.748000,0 days 00:00:22.604000
NOR,McLaren,17.0,4.0,SOFT,0 days 00:01:20.890000,80.89,1,False,,0 days 00:00:22.123000,0 days 00:00:30.590000,0 days 00:00:28.177000
NOR,McLaren,18.0,5.0,SOFT,,,1,False,,,0 days 00:00:32.444000,0 days 00:00:24.144000
NOR,McLaren,19.0,5.0,SOFT,0 days 00:01:20.264000,80.264,1,True,,0 days 00:00:23.812000,0 days 00:00:32.171000,0 days 00:00:24.281000
NOR,McLaren,20.0,5.0,SOFT,0 days 00:01:20.330000,80.33,1,True,,0 days 00:00:23.845000,0 days 00:00:32.229000,0 days 00:00:24.256000
NOR,McLaren,21.0,5.0,SOFT,0 days 00:01:20.320000,80.32,1,True,,0 days 00:00:23.850000,0 days 00:00:32.268000,0 days 00:00:24.202000
NOR,McLaren,22.0,5.0,SOFT,0 days 00:01:21.973000,81.973,12,True,,0 days 00:00:23.816000,0 days 00:00:33.887000,0 days 00:00:24.270000
NOR,McLaren,23.0,5.0,SOFT,0 days 00:01:20.892000,80.892,1,True,,0 days 00:00:23.897000,0 days 00:00:32.518000,0 days 00:00:24.477000
NOR,McLaren,24.0,5.0,SOFT,0 days 00:01:21.252000,81.252,1,True,,0 days 00:00:23.982000,0 days 00:00:32.706000,0 days 00:00:24.564000
NOR,McLaren,25.0,5.0,SOFT,0 days 00:01:21.905000,81.905,1,True,,0 days 00:00:23.974000,0 days 00:00:33.219000,0 days 00:00:24.712000
NOR,McLaren,26.0,5.0,SOFT,0 days 00:01:20.405000,80.405,1,True,,0 days 00:00:23.521000,0 days 00:00:32.430000,0 days 00:00:24.454000
NOR,McLaren,27.0,5.0,SOFT,0 days 00:01:20.919000,80.919,1,True,,0 days 00:00:23.901000,0 days 00:00:32.532000,0 days 00:00:24.486000
NOR,McLaren,28.0,5.0,SOFT,0 days 00:01:59.084000,119.084,1,True,,0 days 00:00:33.245000,0 days 00:00:46.898000,0 days 00:00:38.941000
NOR,McLaren,29.0,5.0,SOFT,0 days 00:01:58.012000,118.012,1,False,,0 days 00:00:54.236000,0 days 00:00:35.350000,0 days 00:00:28.426000
BOR,Kick Sauber,1.0,1.0,HARD,,,1,False,,,0 days 00:00:38.774000,0 days 00:00:34.095000
BOR,Kick Sauber,2.0,2.0,HARD,,,1,False,,,0 days 00:00:40.640000,0 days 00:00:33.399000
BOR,Kick Sauber,3.0,2.0,HARD,0 days 00:01:17.622000,77.622,1,True,,0 days 00:00:22.934000,0 days 00:00:31.096000,0 days 00:00:23.592000
BOR,Kick Sauber,4.0,2.0,HARD,0 days 00:02:00.175000,120.175,1,True,,0 days 00:00:32.152000,0 days 00:00:51.841000,0 days 00:00:36.182000
BOR,Kick Sauber,5.0,2.0,HARD,0 days 00:01:17.688000,77.688,1,True,,0 days 00:00:22.923000,0 days 00:00:31.205000,0 days 00:00:23.560000
BOR,Kick Sauber,6.0,2.0,HARD,0 days 00:02:03.615000,123.615,1,False,,0 days 00:00:37.974000,0 days 00:00:49.121000,0 days 00:00:36.520000
BOR,Kick Sauber,7.0,3.0,HARD,0 days 00:02:21.539000,141.539,1,False,,0 days 00:01:00.614000,0 days 00:00:41.094000,0 days 00:00:39.831000
BOR,Kick Sauber,8.0,3.0,HARD,0 days 00:01:16.953000,76.953,1,True,,0 days 00:00:22.741000,0 days 00:00:30.843000,0 days 00:00:23.369000
BOR,Kick Sauber,9.0,3.0,HARD,0 days 00:01:31.555000,91.555,1,False,,0 days 00:00:27.807000,0 days 00:00:33.724000,0 days 00:00:30.024000
BOR,Kick Sauber,10.0,4.0,SOFT,,,1,False,,,0 days 00:00:42.335000,0 days 00:00:27.332000
BOR,Kick Sauber,11.0,4.0,SOFT,0 days 00:01:15.155000,75.155,1,True,,0 days 00:00:22.282000,0 days 00:00:30.097000,0 days 00:00:22.776000
BOR,Kick Sauber,12.0,4.0,SOFT,0 days 00:02:02.132000,122.132,1,False,,0 days 00:00:34.068000,0 days 00:00:47.607000,0 days 00:00:40.457000
BOR,Kick Sauber,13.0,5.0,SOFT,0 days 00:02:05.028000,125.028,1,False,,0 days 00:00:50.653000,0 days 00:00:47.667000,0 days 00:00:26.708000
BOR,Kick Sauber,14.0,5.0,SOFT,0 days 00:01:20.113000,80.113,1,False,,0 days 00:00:22.275000,0 days 00:00:30.372000,0 days 00:00:27.466000
BOR,Kick Sauber,15.0,6.0,HARD,,,12,False,,,0 days 00:00:36.878000,0 days 00:00:24.916000
BOR,Kick Sauber,16.0,6.0,HARD,0 days 00:01:21.470000,81.47,12,True,,0 days 00:00:24.088000,0 days 00:00:32.711000,0 days 00:00:24.671000
BOR,Kick Sauber,17.0,6.0,HARD,0 days 00:01:21.230000,81.23,1,True,,0 days 00:00:24.084000,0 days 00:00:32.642000,0 days 00:00:24.504000
BOR,Kick Sauber,18.0,6.0,HARD,0 days 00:01:21.317000,81.317,1,True,,0 days 00:00:24.104000,0 days 00:00:32.546000,0 days 00:00:24.667000
BOR,Kick Sauber,19.0,6.0,HARD,0 days 00:01:21.390000,81.39,1,True,,0 days 00:00:24.022000,0 days 00:00:32.691000,0 days 00:00:24.677000
BOR,Kick Sauber,20.0,6.0,HARD,0 days 00:01:20.668000,80.668,1,True,,0 days 00:00:23.727000,0 days 00:00:32.544000,0 days 00:00:24.397000
BOR,Kick Sauber,21.0,6.0,HARD,0 days 00:01:21.304000,81.304,1,True,,0 days 00:00:23.912000,0 days 00:00:32.629000,0 days 00:00:24.763000
BOR,Kick Sauber,22.0,6.0,HARD,0 days 00:02:20.221000,140.221,1,True,,0 days 00:00:27.307000,0 days 00:00:55.910000,0 days 00:00:57.004000
BOR,Kick Sauber,23.0,6.0,HARD,0 days 00:02:01.915000,121.915,1,False,,0 days 00:00:48.189000,0 days 00:00:41.624000,0 days 00:00:32.102000
HAD,Unknown,1.0,1.0,HARD,,,1,False,,,0 days 00:00:38.169000,0 days 00:00:28.124000
HAD,Unknown,2.0,1.0,HARD,0 days 00:01:17.385000,77.385,1,True,,0 days 00:00:22.870000,0 days 00:00:31.073000,0 days 00:00:23.442000
HAD,Unknown,3.0,1.0,HARD,0 days 00:02:01.204000,121.204,1,True,,0 days 00:00:37.813000,0 days 00:00:53.759000,0 days 00:00:29.632000
HAD,Unknown,4.0,1.0,HARD,0 days 00:01:16.567000,76.567,1,True,,0 days 00:00:22.612000,0 days 00:00:30.674000,0 days 00:00:23.281000
HAD,Unknown,5.0,1.0,HARD,0 days 00:02:07.984000,127.984,1,False,,0 days 00:00:39.390000,0 days 00:00:48.481000,0 days 00:00:40.113000
HAD,Unknown,6.0,2.0,HARD,,,1,False,,0 days 00:01:12.369000,0 days 00:00:51.839000,0 days 00:00:41.754000
HAD,Unknown,7.0,2.0,HARD,0 days 00:01:16.591000,76.591,1,True,,0 days 00:00:22.697000,0 days 00:00:30.730000,0 days 00:00:23.164000
HAD,Unknown,8.0,2.0,HARD,0 days 00:02:20.354000,140.354,1,True,,0 days 00:00:42.828000,0 days 00:00:55.681000,0 days 00:00:41.845000
HAD,Unknown,9.0,2.0,HARD,0 days 00:01:56.990000,116.99,1,True,,0 days 00:00:36.186000,0 days 00:00:45.294000,0 days 00:00:35.510000
HAD,Unknown,10.0,2.0,HARD,0 days 00:01:16.143000,76.143,1,True,,0 days 00:00:22.382000,0 days 00:00:30.568000,0 days 00:00:23.193000
HAD,Unknown,11.0,2.0,HARD,0 days 00:01:46.072000,106.072,1,False,,0 days 00:00:33.710000,0 days 00:00:41.428000,0 days 00:00:30.934000
HAD,Unknown,12.0,3.0,SOFT,,,1,False,,,0 days 00:00:40.793000,0 days 00:00:28.549000
HAD,Unknown,13.0,3.0,SOFT,0 days 00:01:14.605000,74.605,1,True,,0 days 00:00:22.191000,0 days 00:00:29.847000,0 days 00:00:22.567000
HAD,Unknown,14.0,3.0,SOFT,0 days 00:01:45.341000,105.341,1,False,,0 days 00:00:34.828000,0 days 00:00:39.880000,0 days 00:00:30.633000
HAD,Unknown,15.0,4.0,HARD,,,1,False,,,0 days 00:00:35.672000,0 days 00:00:33.725000
HAD,Unknown,16.0,5.0,HARD,0 days 00:02:02.332000,122.332,1,False,,0 days 00:01:04.994000,0 days 00:00:32.692000,0 days 00:00:24.646000
HAD,Unknown,17.0,5.0,HARD,0 days 00:01:21.544000,81.544,1,True,,0 days 00:00:24.312000,0 days 00:00:32.826000,0 days 00:00:24.406000
HAD,Unknown,18.0,5.0,HARD,0 days 00:01:20.784000,80.784,1,True,,0 days 00:00:24.015000,0 days 00:00:32.501000,0 days 00:00:24.268000
HAD,Unknown,19.0,5.0,HARD,0 days 00:01:21.081000,81.081,12,True,,0 days 00:00:23.893000,0 days 00:00:32.770000,0 days 00:00:24.418000
HAD,Unknown,20.0,5.0,HARD,0 days 00:01:21.169000,81.169,21,True,,0 days 00:00:24.058000,0 days 00:00:32.646000,0 days 00:00:24.465000
HAD,Unknown,21.0,5.0,HARD,0 days 00:01:21.403000,81.403,1,True,,0 days 00:00:23.989000,0 days 00:00:32.800000,0 days 00:00:24.614000
HAD,Unknown,22.0,5.0,HARD,0 days 00:01:26.116000,86.116,1,False,,0 days 00:00:24.198000,0 days 00:00:32.807000,0 days 00:00:29.111000
HAD,Unknown,23.0,6.0,SOFT,0 days 00:02:12.851000,132.851,1,False,,0 days 00:01:05.239000,0 days 00:00:37.618000,0 days 00:00:29.994000
HAD,Unknown,24.0,7.0,SOFT,0 days 00:02:16.522000,136.522,1,False,,0 days 00:00:58.452000,0 days 00:00:45.254000,0 days 00:00:32.816000
HAD,Unknown,25.0,7.0,SOFT,0 days 00:02:20.771000,140.771,1,True,,0 days 00:00:33.836000,0 days 00:00:47.771000,0 days 00:00:59.164000
HAD,Unknown,26.0,7.0,SOFT,0 days 00:01:59.345000,119.345,1,False,,0 days 00:00:51.441000,0 days 00:00:34.084000,0 days 00:00:33.820000
GAS,Alpine,1.0,1.0,HARD,,,1,False,,,0 days 00:00:41.241000,0 days 00:00:28.960000
GAS,Alpine,2.0,1.0,HARD,0 days 00:01:16.677000,76.677,1,True,,0 days 00:00:22.662000,0 days 00:00:30.729000,0 days 00:00:23.286000
GAS,Alpine,3.0,1.0,HARD,0 days 00:02:00.993000,120.993,1,True,,0 days 00:00:38.744000,0 days 00:00:48.643000,0 days 00:00:33.606000
GAS,Alpine,4.0,1.0,HARD,0 days 00:01:16.487000,76.487,1,True,,0 days 00:00:22.522000,0 days 00:00:30.880000,0 days 00:00:23.085000
GAS,Alpine,5.0,1.0,HARD,0 days 00:02:16.902000,136.902,1,True,,0 days 00:00:41.943000,0 days 00:01:00.497000,0 days 00:00:34.462000
GAS,Alpine,6.0,1.0,HARD,0 days 00:01:48.755000,108.755,1,True,,0 days 00:00:36.419000,0 days 00:00:44.317000,0 days 00:00:28.019000
GAS,Alpine,7.0,1.0,HARD,0 days 00:01:16.291000,76.291,1,True,,0 days 00:00:22.500000,0 days 00:00:30.695000,0 days 00:00:23.096000
GAS,Alpine,8.0,1.0,HARD,0 days 00:02:10.436000,130.436,1,False,,0 days 00:00:37.188000,0 days 00:00:51.825000,0 days 00:00:41.423000
GAS,Alpine,9.0,2.0,HARD,0 days 00:02:17.086000,137.086,1,False,,0 days 00:01:01.382000,0 days 00:00:45.987000,0 days 00:00:29.717000
GAS,Alpine,10.0,2.0,HARD,0 days 00:01:16.291000,76.291,1,True,,0 days 00:00:22.498000,0 days 00:00:30.713000,0 days 00:00:23.080000
GAS,Alpine,11.0,2.0,HARD,0 days 00:02:18.793000,138.793,1,False,,0 days 00:00:37.861000,0 days 00:00:57.524000,0 days 00:00:43.408000
GAS,Alpine,12.0,3.0,HARD,0 days 00:02:05.311000,125.311,1,False,,0 days 00:00:50.473000,0 days 00:00:47.765000,0 days 00:00:27.073000
GAS,Alpine,13.0,3.0,HARD,0 days 00:01:16.391000,76.391,1,True,,0 days 00:00:22.455000,0 days 00:00:30.803000,0 days 00:00:23.133000
GAS,Alpine,14.0,3.0,HARD,0 days 00:01:42.379000,102.379,1,False,,0 days 00:00:27.113000,0 days 00:00:44.397000,0 days 00:00:30.869000
GAS,Alpine,15.0,4.0,HARD,0 days 00:01:57.989000,117.989,1,False,,0 days 00:00:50.895000,0 days 00:00:34.207000,0 days 00:00:32.887000
GAS,Alpine,16.0,5.0,SOFT,,,1,False,,,0 days 00:00:43.706000,0 days 00:00:40.444000
GAS,Alpine,17.0,5.0,SOFT,0 days 00:01:14.746000,74.746,1,True,,0 days 00:00:22.167000,0 days 00:00:29.918000,0 days 00:00:22.661000
GAS,Alpine,18.0,5.0,SOFT,0 days 00:02:18.606000,138.606,1,False,,0 days 00:00:35.608000,0 days 00:00:56.837000,0 days 00:00:46.161000
GAS,Alpine,19.0,6.0,SOFT,0 days 00:02:15.418000,135.418,1,False,,0 days 00:00:55.047000,0 days 00:00:48.905000,0 days 00:00:31.466000
GAS,Alpine,20.0,6.0,SOFT,0 days 00:01:19.756000,79.756,1,False,,0 days 00:00:22.198000,0 days 00:00:30.081000,0 days 00:00:27.477000
GAS,Alpine,21.0,7.0,HARD,,,12,False,,,0 days 00:00:39.700000,0 days 00:00:26.563000
GAS,Alpine,22.0,7.0,HARD,0 days 00:01:24.688000,84.688,1,True,,0 days 00:00:24.373000,0 days 00:00:33.240000,0 days 00:00:27.075000
GAS,Alpine,23.0,7.0,HARD,0 days 00:01:21.641000,81.641,1,True,,0 days 00:00:24.215000,0 days 00:00:32.819000,0 days 00:00:24.607000
GAS,Alpine,24.0,7.0,HARD,0 days 00:01:21.571000,81.571,1,True,,0 days 00:00:24.179000,0 days 00:00:32.887000,0 days 00:00:24.505000
GAS,Alpine,25.0,7.0,HARD,0 days 00:01:21.791000,81.791,1,True,,0 days 00:00:24.153000,0 days 00:00:32.984000,0 days 00:00:24.654000
GAS,Alpine,26.0,7.0,HARD,0 days 00:01:21.995000,81.995,1,True,,0 days 00:00:24.136000,0 days 00:00:33.025000,0 days 00:00:24.834000
GAS,Alpine,27.0,7.0,HARD,0 days 00:02:01.655000,121.655,1,True,,0 days 00:00:32.421000,0 days 00:00:46.902000,0 days 00:00:42.332000
GAS,Alpine,28.0,7.0,HARD,0 days 00:02:01.360000,121.36,1,False,,0 days 00:00:54.905000,0 days 00:00:33.885000,0 days 00:00:32.570000
ANT,Mercedes,1.0,1.0,HARD,,,1,False,,,0 days 00:00:40.677000,0 days 00:00:27.924000
ANT,Mercedes,2.0,1.0,HARD,0 days 00:01:16.549000,76.549,1,True,,0 days 00:00:22.605000,0 days 00:00:30.859000,0 days 00:00:23.085000
ANT,Mercedes,3.0,1.0,HARD,0 days 00:02:23.195000,143.195,1,False,,0 days 00:00:40.070000,0 days 00:00:58.186000,0 days 00:00:44.939000
ANT,Mercedes,4.0,2.0,HARD,,,1,False,,0 days 00:01:29.486000,0 days 00:00:51.758000,0 days 00:00:27.462000
ANT,Mercedes,5.0,2.0,HARD,0 days 00:01:16.225000,76.225,1,True,,0 days 00:00:22.611000,0 days 00:00:30.553000,0 days 00:00:23.061000
ANT,Mercedes,6.0,2.0,HARD,0 days 00:02:21.837000,141.837,1,False,,0 days 00:00:41.964000,0 days 00:00:57.439000,0 days 00:00:42.434000
ANT,Mercedes,7.0,3.0,HARD,,,1,False,,0 days 00:01:12.021000,0 days 00:00:52.898000,0 days 00:00:33.924000
ANT,Mercedes,8.0,3.0,HARD,0 days 00:01:16.426000,76.426,1,True,,0 days 00:00:22.653000,0 days 00:00:30.663000,0 days 00:00:23.110000
ANT,Mercedes,9.0,3.0,HARD,0 days 00:01:44.113000,104.113,1,False,,0 days 00:00:30.125000,0 days 00:00:39.890000,0 days 00:00:34.098000
ANT,Mercedes,10.0,4.0,MEDIUM,,,1,False,,,0 days 00:00:43.147000,0 days 00:00:28.232000
ANT,Mercedes,11.0,4.0,MEDIUM,0 days 00:01:15.369000,75.369,1,True,,0 days 00:00:22.400000,0 days 00:00:30.122000,0 days 00:00:22.847000
ANT,Mercedes,12.0,4.0,MEDIUM,0 days 00:01:51.976000,111.976,1,False,,0 days 00:00:32.196000,0 days 00:00:42.458000,0 days 00:00:37.322000
ANT,Mercedes,13.0,5.0,MEDIUM,,,1,False,,,0 days 00:00:34.895000,0 days 00:00:25.263000
ANT,Mercedes,14.0,5.0,MEDIUM,0 days 00:01:21.292000,81.292,1,True,,0 days 00:00:24.012000,0 days 00:00:32.740000,0 days 00:00:24.540000
ANT,Mercedes,15.0,5.0,MEDIUM,0 days 00:01:20.637000,80.637,1,True,,0 days 00:00:23.945000,0 days 00:00:32.410000,0 days 00:00:24.282000
ANT,Mercedes,16.0,5.0,MEDIUM,0 days 00:01:20.552000,80.552,1,True,,0 days 00:00:23.795000,0 days 00:00:32.412000,0 days 00:00:24.345000
ANT,Mercedes,17.0,5.0,MEDIUM,0 days 00:01:21.132000,81.132,1,True,,0 days 00:00:24.085000,0 days 00:00:32.651000,0 days 00:00:24.396000
ANT,Mercedes,18.0,5.0,MEDIUM,0 days 00:01:21.005000,81.005,1,True,,0 days 00:00:24.064000,0 days 00:00:32.520000,0 days 00:00:24.421000
ANT,Mercedes,19.0,5.0,MEDIUM,0 days 00:01:21.518000,81.518,1,True,,0 days 00:00:24.330000,0 days 00:00:32.583000,0 days 00:00:24.605000
ANT,Mercedes,20.0,5.0,MEDIUM,0 days 00:01:21.244000,81.244,1,True,,0 days 00:00:24.095000,0 days 00:00:32.645000,0 days 00:00:24.504000
ANT,Mercedes,21.0,5.0,MEDIUM,0 days 00:01:21.465000,81.465,1,True,,0 days 00:00:24.186000,0 days 00:00:32.673000,0 days 00:00:24.606000
ANT,Mercedes,22.0,5.0,MEDIUM,0 days 00:01:21.504000,81.504,1,True,,0 days 00:00:24.136000,0 days 00:00:32.729000,0 days 00:00:24.639000
ANT,Mercedes,23.0,5.0,MEDIUM,0 days 00:01:21.518000,81.518,1,True,,0 days 00:00:24.131000,0 days 00:00:32.727000,0 days 00:00:24.660000
ANT,Mercedes,24.0,5.0,MEDIUM,0 days 00:01:21.799000,81.799,12,True,,0 days 00:00:24.237000,0 days 00:00:32.877000,0 days 00:00:24.685000
ANT,Mercedes,25.0,5.0,MEDIUM,0 days 00:01:21.879000,81.879,21,True,,0 days 00:00:24.290000,0 days 00:00:32.875000,0 days 00:00:24.714000
ANT,Mercedes,26.0,5.0,MEDIUM,0 days 00:01:29.894000,89.894,1,True,,0 days 00:00:31.940000,0 days 00:00:33.082000,0 days 00:00:24.872000
ANT,Mercedes,27.0,5.0,MEDIUM,0 days 00:01:22.205000,82.205,1,True,,0 days 00:00:24.401000,0 days 00:00:33.083000,0 days 00:00:24.721000
ANT,Mercedes,28.0,5.0,MEDIUM,0 days 00:01:22.064000,82.064,1,True,,0 days 00:00:24.382000,0 days 00:00:32.929000,0 days 00:00:24.753000
ANT,Mercedes,29.0,5.0,MEDIUM,0 days 00:01:23.277000,83.277,1,True,,0 days 00:00:24.810000,0 days 00:00:33.343000,0 days 00:00:25.124000
ANT,Mercedes,30.0,5.0,MEDIUM,0 days 00:02:01.577000,121.577,1,True,,0 days 00:00:32.568000,0 days 00:00:46.178000,0 days 00:00:42.831000
ANT,Mercedes,31.0,5.0,MEDIUM,0 days 00:02:04.218000,124.218,1,False,,0 days 00:00:53.586000,0 days 00:00:37.362000,0 days 00:00:33.270000
ALO,Aston Martin,1.0,1.0,HARD,,,1,False,,,0 days 00:00:34.585000,0 days 00:00:27.099000
ALO,Aston Martin,2.0,1.0,HARD,0 days 00:01:16.141000,76.141,1,True,,0 days 00:00:22.628000,0 days 00:00:30.444000,0 days 00:00:23.069000
ALO,Aston Martin,3.0,1.0,HARD,0 days 00:02:06.867000,126.867,1,True,,0 days 00:00:40.282000,0 days 00:00:54.988000,0 days 00:00:31.597000
ALO,Aston Martin,4.0,1.0,HARD,0 days 00:01:15.480000,75.48,1,True,,0 days 00:00:22.366000,0 days 00:00:30.320000,0 days 00:00:22.794000
ALO,Aston Martin,5.0,1.0,HARD,0 days 00:01:53.153000,113.153,1,True,,0 days 00:00:31.567000,0 days 00:00:50.262000,0 days 00:00:31.324000
ALO,Aston Martin,6.0,1.0,HARD,0 days 00:01:17.870000,77.87,1,True,,0 days 00:00:23.204000,0 days 00:00:31.277000,0 days 00:00:23.389000
ALO,Aston Martin,7.0,1.0,HARD,0 days 00:01:17.317000,77.317,1,True,,0 days 00:00:23.048000,0 days 00:00:30.865000,0 days 00:00:23.404000
ALO,Aston Martin,8.0,1.0,HARD,0 days 00:01:18.080000,78.08,1,True,,0 days 00:00:23.085000,0 days 00:00:31.323000,0 days 00:00:23.672000
ALO,Aston Martin,9.0,1.0,HARD,0 days 00:01:34.624000,94.624,1,False,,0 days 00:00:25.532000,0 days 00:00:34.721000,0 days 00:00:34.371000
ALO,Aston Martin,10.0,2.0,HARD,,,1,False,,,0 days 00:00:36.751000,0 days 00:00:25.252000
ALO,Aston Martin,11.0,2.0,HARD,0 days 00:01:19.481000,79.481,1,True,,0 days 00:00:23.785000,0 days 00:00:31.932000,0 days 00:00:23.764000
ALO,Aston Martin,12.0,2.0,HARD,0 days 00:01:19.360000,79.36,1,True,,0 days 00:00:23.648000,0 days 00:00:31.886000,0 days 00:00:23.826000
ALO,Aston Martin,13.0,2.0,HARD,0 days 00:01:19.786000,79.786,1,True,,0 days 00:00:23.757000,0 days 00:00:31.948000,0 days 00:00:24.081000
ALO,Aston Martin,14.0,2.0,HARD,0 days 00:01:34.730000,94.73,1,False,,0 days 00:00:24.430000,0 days 00:00:34.216000,0 days 00:00:36.084000
ALO,Aston Martin,15.0,3.0,SOFT,,,1,False,,,0 days 00:00:41.580000,0 days 00:00:36.938000
ALO,Aston Martin,16.0,3.0,SOFT,0 days 00:01:14.798000,74.798,1,True,,0 days 00:00:22.166000,0 days 00:00:29.870000,0 days 00:00:22.762000
ALO,Aston Martin,17.0,3.0,SOFT,,,1,False,,0 days 00:00:49.581000,0 days 00:01:06.282000,0 days 00:00:38.017000
ALO,Aston Martin,18.0,3.0,SOFT,0 days 00:02:20.035000,140.035,1,True,,0 days 00:00:51.251000,0 days 00:00:58.243000,0 days 00:00:30.541000
ALO,Aston Martin,19.0,3.0,SOFT,0 days 00:01:39.708000,99.708,1,True,,0 days 00:00:27.244000,0 days 00:00:42.279000,0 days 00:00:30.185000
ALO,Aston Martin,20.0,3.0,SOFT,0 days 00:01:22.900000,82.9,12,False,,0 days 00:00:22.273000,0 days 00:00:31.219000,0 days 00:00:29.408000
LEC,Ferrari,1.0,1.0,HARD,,,1,False,,,0 days 00:00:38.539000,0 days 00:00:26.067000
LEC,Ferrari,2.0,1.0,HARD,0 days 00:01:17.238000,77.238,1,True,,0 days 00:00:22.920000,0 days 00:00:30.953000,0 days 00:00:23.365000
LEC,Ferrari,3.0,1.0,HARD,0 days 00:01:42.278000,102.278,1,False,,0 days 00:00:30.260000,0 days 00:00:39.564000,0 days 00:00:32.454000
LEC,Ferrari,4.0,2.0,HARD,0 days 00:02:25.365000,145.365,1,False,,0 days 00:01:05.035000,0 days 00:00:49.343000,0 days 00:00:30.987000
LEC,Ferrari,5.0,2.0,HARD,0 days 00:01:15.942000,75.942,1,True,,0 days 00:00:22.435000,0 days 00:00:30.552000,0 days 00:00:22.955000
LEC,Ferrari,6.0,2.0,HARD,0 days 00:02:02.672000,122.672,1,False,,0 days 00:00:35.103000,0 days 00:00:51.898000,0 days 00:00:35.671000
LEC,Ferrari,7.0,3.0,HARD,,,1,False,,0 days 00:00:59.452000,0 days 00:00:52.469000,0 days 00:00:39.953000
LEC,Ferrari,8.0,3.0,HARD,0 days 00:01:42.637000,102.637,1,True,,0 days 00:00:24.391000,0 days 00:00:48.296000,0 days 00:00:29.950000
LEC,Ferrari,9.0,3.0,HARD,0 days 00:01:15.775000,75.775,1,True,,0 days 00:00:22.607000,0 days 00:00:30.352000,0 days 00:00:22.816000
LEC,Ferrari,10.0,3.0,HARD,0 days 00:02:13.567000,133.567,1,True,,0 days 00:00:40.650000,0 days 00:00:57.246000,0 days 00:00:35.671000
LEC,Ferrari,11.0,3.0,HARD,0 days 00:01:15.632000,75.632,1,True,,0 days 00:00:22.487000,0 days 00:00:30.225000,0 days 00:00:22.920000
LEC,Ferrari,12.0,3.0,HARD,0 days 00:01:32.035000,92.035,1,False,,0 days 00:00:26.928000,0 days 00:00:35.251000,0 days 00:00:29.856000
LEC,Ferrari,13.0,4.0,SOFT,,,1,False,,,0 days 00:00:45.199000,0 days 00:00:41.182000
LEC,Ferrari,14.0,4.0,SOFT,0 days 00:01:14.238000,74.238,1,True,,0 days 00:00:22.263000,0 days 00:00:29.521000,0 days 00:00:22.454000
LEC,Ferrari,15.0,4.0,SOFT,0 days 00:02:10.883000,130.883,1,False,,0 days 00:00:33.145000,0 days 00:00:55.109000,0 days 00:00:42.629000
LEC,Ferrari,16.0,5.0,SOFT,,,1,False,,0 days 00:01:16.845000,0 days 00:00:57.815000,0 days 00:00:38.600000
LEC,Ferrari,17.0,5.0,SOFT,0 days 00:01:21.452000,81.452,1,False,,0 days 00:00:22.296000,0 days 00:00:29.618000,0 days 00:00:29.538000
LEC,Ferrari,18.0,6.0,SOFT,,,1,False,,,0 days 00:00:33.022000,0 days 00:00:29.820000
LEC,Ferrari,19.0,6.0,SOFT,0 days 00:01:19.593000,79.593,1,True,,0 days 00:00:23.889000,0 days 00:00:31.921000,0 days 00:00:23.783000
LEC,Ferrari,20.0,6.0,SOFT,0 days 00:01:19.716000,79.716,1,True,,0 days 00:00:23.742000,0 days 00:00:31.983000,0 days 00:00:23.991000
LEC,Ferrari,21.0,6.0,SOFT,0 days 00:01:19.736000,79.736,1,True,,0 days 00:00:23.587000,0 days 00:00:32.087000,0 days 00:00:24.062000
LEC,Ferrari,22.0,6.0,SOFT,0 days 00:01:20.085000,80.085,1,True,,0 days 00:00:23.949000,0 days 00:00:32.112000,0 days 00:00:24.024000
LEC,Ferrari,23.0,6.0,SOFT,0 days 00:01:19.865000,79.865,12,True,,0 days 00:00:23.828000,0 days 00:00:31.918000,0 days 00:00:24.119000
LEC,Ferrari,24.0,6.0,SOFT,0 days 00:01:19.866000,79.866,12,True,,0 days 00:00:23.792000,0 days 00:00:31.946000,0 days 00:00:24.128000
LEC,Ferrari,25.0,6.0,SOFT,0 days 00:01:19.933000,79.933,1,True,,0 days 00:00:23.829000,0 days 00:00:31.950000,0 days 00:00:24.154000
LEC,Ferrari,26.0,6.0,SOFT,0 days 00:01:20.526000,80.526,1,True,,0 days 00:00:24.083000,0 days 00:00:32.199000,0 days 00:00:24.244000
LEC,Ferrari,27.0,6.0,SOFT,0 days 00:01:20.087000,80.087,1,True,,0 days 00:00:23.782000,0 days 00:00:32.106000,0 days 00:00:24.199000
LEC,Ferrari,28.0,6.0,SOFT,0 days 00:01:29.212000,89.212,1,True,,0 days 00:00:26.768000,0 days 00:00:35.334000,0 days 00:00:27.110000
LEC,Ferrari,29.0,6.0,SOFT,0 days 00:01:20.013000,80.013,1,True,,0 days 00:00:23.709000,0 days 00:00:32.105000,0 days 00:00:24.199000
LEC,Ferrari,30.0,6.0,SOFT,0 days 00:01:59.831000,119.831,1,True,,0 days 00:00:28.899000,0 days 00:00:47.504000,0 days 00:00:43.428000
LEC,Ferrari,31.0,6.0,SOFT,0 days 00:02:12.835000,132.835,1,False,,0 days 00:00:57.858000,0 days 00:00:39.564000,0 days 00:00:35.413000
STR,Aston Martin,1.0,1.0,MEDIUM,,,1,False,,,0 days 00:00:41.018000,0 days 00:00:29.907000
STR,Aston Martin,2.0,1.0,MEDIUM,0 days 00:01:32.280000,92.28,1,True,,0 days 00:00:23.376000,0 days 00:00:38.674000,0 days 00:00:30.230000
STR,Aston Martin,3.0,1.0,MEDIUM,0 days 00:01:16.569000,76.569,1,True,,0 days 00:00:22.548000,0 days 00:00:30.744000,0 days 00:00:23.277000
STR,Aston Martin,4.0,1.0,MEDIUM,0 days 00:02:04.539000,124.539,1,True,,0 days 00:00:37.227000,0 days 00:00:56.207000,0 days 00:00:31.105000
STR,Aston Martin,5.0,1.0,MEDIUM,0 days 00:01:16.357000,76.357,1,True,,0 days 00:00:22.363000,0 days 00:00:30.759000,0 days 00:00:23.235000
STR,Aston Martin,6.0,1.0,MEDIUM,0 days 00:02:23.829000,143.829,1,True,,0 days 00:00:46.694000,0 days 00:01:05.727000,0 days 00:00:31.408000
STR,Aston Martin,7.0,1.0,MEDIUM,0 days 00:01:15.922000,75.922,1,True,,0 days 00:00:22.426000,0 days 00:00:30.346000,0 days 00:00:23.150000
STR,Aston Martin,8.0,1.0,MEDIUM,0 days 00:01:49.359000,109.359,1,False,,0 days 00:00:30.337000,0 days 00:00:41.597000,0 days 00:00:37.425000
STR,Aston Martin,9.0,2.0,MEDIUM,,,1,False,,,0 days 00:00:45.026000,0 days 00:00:29.372000
STR,Aston Martin,10.0,2.0,MEDIUM,0 days 00:01:16.300000,76.3,1,True,,0 days 00:00:22.549000,0 days 00:00:30.620000,0 days 00:00:23.131000
STR,Aston Martin,11.0,2.0,MEDIUM,0 days 00:02:06.161000,126.161,1,True,,0 days 00:00:42.428000,0 days 00:00:53.716000,0 days 00:00:30.017000
STR,Aston Martin,12.0,2.0,MEDIUM,0 days 00:01:16.223000,76.223,1,True,,0 days 00:00:22.363000,0 days 00:00:30.744000,0 days 00:00:23.116000
STR,Aston Martin,13.0,2.0,MEDIUM,0 days 00:01:39.244000,99.244,1,False,,0 days 00:00:28.786000,0 days 00:00:39.316000,0 days 00:00:31.142000
STR,Aston Martin,14.0,3.0,SOFT,,,1,False,,,0 days 00:00:48.831000,0 days 00:00:26.957000
STR,Aston Martin,15.0,3.0,SOFT,0 days 00:01:14.786000,74.786,1,True,,0 days 00:00:22.185000,0 days 00:00:30.027000,0 days 00:00:22.574000
STR,Aston Martin,16.0,3.0,SOFT,,,1,False,,0 days 00:00:45.889000,0 days 00:01:16.534000,0 days 00:00:37.306000
STR,Aston Martin,17.0,3.0,SOFT,,,12,False,,0 days 00:00:40.573000,0 days 00:01:26.503000,0 days 00:00:28.760000
STR,Aston Martin,18.0,3.0,SOFT,0 days 00:01:15.704000,75.704,1,True,,0 days 00:00:22.530000,0 days 00:00:30.165000,0 days 00:00:23.009000
STR,Aston Martin,19.0,3.0,SOFT,0 days 00:01:53.708000,113.708,1,True,,0 days 00:00:35.693000,0 days 00:00:53.896000,0 days 00:00:24.119000
STR,Aston Martin,20.0,3.0,SOFT,0 days 00:01:18.281000,78.281,1,True,,0 days 00:00:23.258000,0 days 00:00:31.404000,0 days 00:00:23.619000
STR,Aston Martin,21.0,3.0,SOFT,0 days 00:01:18.256000,78.256,1,True,,0 days 00:00:23.388000,0 days 00:00:31.287000,0 days 00:00:23.581000
STR,Aston Martin,22.0,3.0,SOFT,0 days 00:01:18.386000,78.386,1,True,,0 days 00:00:23.340000,0 days 00:00:31.392000,0 days 00:00:23.654000
STR,Aston Martin,23.0,3.0,SOFT,0 days 00:01:57.471000,117.471,1,True,,0 days 00:00:23.483000,0 days 00:00:41.498000,0 days 00:00:52.490000
STR,Aston Martin,24.0,3.0,SOFT,0 days 00:02:05.698000,125.698,1,False,,0 days 00:01:02.353000,0 days 00:00:32.795000,0 days 00:00:30.550000
TSU,Red Bull Racing,1.0,1.0,HARD,,,1,False,,,0 days 00:00:39.594000,0 days 00:00:25.238000
TSU,Red Bull Racing,2.0,1.0,HARD,0 days 00:01:17.215000,77.215,1,True,,0 days 00:00:22.816000,0 days 00:00:30.855000,0 days 00:00:23.544000
TSU,Red Bull Racing,3.0,1.0,HARD,,,1,False,,0 days 00:00:45.988000,0 days 00:01:07.451000,0 days 00:00:46.150000
TSU,Red Bull Racing,4.0,1.0,HARD,0 days 00:02:06.695000,126.695,1,True,,0 days 00:00:47.564000,0 days 00:00:53.715000,0 days 00:00:25.416000
TSU,Red Bull Racing,5.0,1.0,HARD,0 days 00:01:16.242000,76.242,1,True,,0 days 00:00:22.384000,0 days 00:00:30.636000,0 days 00:00:23.222000
TSU,Red Bull Racing,6.0,1.0,HARD,,,1,False,,0 days 00:00:46.430000,0 days 00:01:07.471000,0 days 00:00:49.906000
TSU,Red Bull Racing,7.0,1.0,HARD,0 days 00:02:11.662000,131.662,1,True,,0 days 00:00:48.959000,0 days 00:00:56.697000,0 days 00:00:26.006000
TSU,Red Bull Racing,8.0,1.0,HARD,0 days 00:01:16.405000,76.405,1,True,,0 days 00:00:22.369000,0 days 00:00:30.700000,0 days 00:00:23.336000
TSU,Red Bull Racing,9.0,1.0,HARD,0 days 00:01:49.851000,109.851,1,False,,0 days 00:00:34.239000,0 days 00:00:39.895000,0 days 00:00:35.717000
TSU,Red Bull Racing,10.0,2.0,SOFT,,,1,False,,,0 days 00:00:48.288000,0 days 00:00:26.868000
TSU,Red Bull Racing,11.0,2.0,SOFT,0 days 00:01:14.643000,74.643,1,True,,0 days 00:00:22.030000,0 days 00:00:30.021000,0 days 00:00:22.592000
TSU,Red Bull Racing,12.0,2.0,SOFT,0 days 00:02:27.649000,147.649,1,False,,0 days 00:00:45.307000,0 days 00:00:57.960000,0 days 00:00:44.382000
TSU,Red Bull Racing,13.0,3.0,SOFT,,,1,False,,,0 days 00:00:33.115000,0 days 00:00:24.729000
TSU,Red Bull Racing,14.0,3.0,SOFT,0 days 00:01:20.698000,80.698,1,True,,0 days 00:00:24.122000,0 days 00:00:32.237000,0 days 00:00:24.339000
TSU,Red Bull Racing,15.0,3.0,SOFT,0 days 00:01:20.718000,80.718,1,True,,0 days 00:00:23.982000,0 days 00:00:32.274000,0 days 00:00:24.462000
TSU,Red Bull Racing,16.0,3.0,SOFT,0 days 00:01:20.996000,80.996,1,True,,0 days 00:00:24.058000,0 days 00:00:32.437000,0 days 00:00:24.501000
TSU,Red Bull Racing,17.0,3.0,SOFT,0 days 00:01:21.554000,81.554,1,True,,0 days 00:00:24.094000,0 days 00:00:32.855000,0 days 00:00:24.605000
TSU,Red Bull Racing,18.0,3.0,SOFT,0 days 00:01:21.786000,81.786,1,True,,0 days 00:00:24.056000,0 days 00:00:32.893000,0 days 00:00:24.837000
TSU,Red Bull Racing,19.0,3.0,SOFT,0 days 00:01:21.563000,81.563,1,True,,0 days 00:00:24.196000,0 days 00:00:32.812000,0 days 00:00:24.555000
TSU,Red Bull Racing,20.0,3.0,SOFT,0 days 00:01:26.179000,86.179,12,False,,0 days 00:00:24.223000,0 days 00:00:33,0 days 00:00:28.956000
TSU,Red Bull Racing,21.0,4.0,HARD,0 days 00:01:59.727000,119.727,12,False,,0 days 00:00:58.905000,0 days 00:00:34.031000,0 days 00:00:26.791000
TSU,Red Bull Racing,22.0,4.0,HARD,0 days 00:01:31.834000,91.834,1,True,,0 days 00:00:25.339000,0 days 00:00:40.863000,0 days 00:00:25.632000
TSU,Red Bull Racing,23.0,4.0,HARD,0 days 00:01:21.339000,81.339,1,True,,0 days 00:00:24.002000,0 days 00:00:32.822000,0 days 00:00:24.515000
TSU,Red Bull Racing,24.0,4.0,HARD,0 days 00:01:21.061000,81.061,1,True,,0 days 00:00:23.903000,0 days 00:00:32.614000,0 days 00:00:24.544000
TSU,Red Bull Racing,25.0,4.0,HARD,0 days 00:01:22.282000,82.282,1,True,,0 days 00:00:24.044000,0 days 00:00:33.470000,0 days 00:00:24.768000
TSU,Red Bull Racing,26.0,4.0,HARD,0 days 00:02:06.639000,126.639,1,True,,0 days 00:00:34.111000,0 days 00:00:48.322000,0 days 00:00:44.206000
TSU,Red Bull Racing,27.0,4.0,HARD,0 days 00:01:58.017000,118.017,1,False,,0 days 00:00:51.237000,0 days 00:00:33.525000,0 days 00:00:33.255000
HUL,Kick Sauber,1.0,1.0,HARD,,,1,False,,,0 days 00:00:35.241000,0 days 00:00:32.286000
HUL,Kick Sauber,2.0,2.0,HARD,,,1,False,,,0 days 00:00:37.210000,0 days 00:00:29.739000
HUL,Kick Sauber,3.0,2.0,HARD,0 days 00:01:17.701000,77.701,1,True,,0 days 00:00:22.882000,0 days 00:00:31.292000,0 days 00:00:23.527000
HUL,Kick Sauber,4.0,2.0,HARD,0 days 00:02:01.207000,121.207,1,True,,0 days 00:00:37.890000,0 days 00:00:48.391000,0 days 00:00:34.926000
HUL,Kick Sauber,5.0,2.0,HARD,0 days 00:01:17.113000,77.113,1,True,,0 days 00:00:22.945000,0 days 00:00:30.988000,0 days 00:00:23.180000
HUL,Kick Sauber,6.0,2.0,HARD,0 days 00:02:04.799000,124.799,1,True,,0 days 00:00:39.931000,0 days 00:00:51.302000,0 days 00:00:33.566000
HUL,Kick Sauber,7.0,2.0,HARD,0 days 00:01:16.517000,76.517,1,True,,0 days 00:00:22.779000,0 days 00:00:30.640000,0 days 00:00:23.098000
HUL,Kick Sauber,8.0,2.0,HARD,0 days 00:01:33.864000,93.864,1,False,,0 days 00:00:26.202000,0 days 00:00:35.218000,0 days 00:00:32.444000
HUL,Kick Sauber,9.0,3.0,SOFT,,,1,False,,,0 days 00:00:42.687000,0 days 00:00:27.361000
HUL,Kick Sauber,10.0,3.0,SOFT,0 days 00:01:14.865000,74.865,1,True,,0 days 00:00:22.311000,0 days 00:00:30.046000,0 days 00:00:22.508000
HUL,Kick Sauber,11.0,3.0,SOFT,0 days 00:02:06.495000,126.495,1,False,,0 days 00:00:37.614000,0 days 00:00:48.279000,0 days 00:00:40.602000
HUL,Kick Sauber,12.0,4.0,SOFT,0 days 00:02:14.849000,134.849,1,False,,0 days 00:00:52.110000,0 days 00:00:49.973000,0 days 00:00:32.766000
HUL,Kick Sauber,13.0,4.0,SOFT,0 days 00:01:15.190000,75.19,1,True,,0 days 00:00:22.252000,0 days 00:00:30.189000,0 days 00:00:22.749000
HUL,Kick Sauber,14.0,4.0,SOFT,0 days 00:01:36.742000,96.742,1,False,,0 days 00:00:27.574000,0 days 00:00:37.718000,0 days 00:00:31.450000
HUL,Kick Sauber,15.0,5.0,SOFT,,,12,False,,,0 days 00:00:33.034000,0 days 00:00:24.257000
HUL,Kick Sauber,16.0,5.0,SOFT,0 days 00:01:22.022000,82.022,1,True,,0 days 00:00:24.417000,0 days 00:00:32.923000,0 days 00:00:24.682000
HUL,Kick Sauber,17.0,5.0,SOFT,0 days 00:01:21.705000,81.705,1,True,,0 days 00:00:24.290000,0 days 00:00:33.043000,0 days 00:00:24.372000
HUL,Kick Sauber,18.0,5.0,SOFT,0 days 00:01:21.321000,81.321,1,True,,0 days 00:00:23.868000,0 days 00:00:32.725000,0 days 00:00:24.728000
HUL,Kick Sauber,19.0,5.0,SOFT,0 days 00:01:20.197000,80.197,1,True,,0 days 00:00:23.586000,0 days 00:00:32.403000,0 days 00:00:24.208000
HUL,Kick Sauber,20.0,5.0,SOFT,0 days 00:01:49.295000,109.295,1,True,,0 days 00:00:23.878000,0 days 00:00:37.600000,0 days 00:00:47.817000
HUL,Kick Sauber,21.0,5.0,SOFT,0 days 00:01:50.541000,110.541,1,False,,0 days 00:00:47.620000,0 days 00:00:33.914000,0 days 00:00:29.007000
LAW,Racing Bulls,1.0,1.0,HARD,,,1,False,,,0 days 00:00:41.841000,0 days 00:00:28.191000
LAW,Racing Bulls,2.0,1.0,HARD,0 days 00:01:32.143000,92.143,1,False,,0 days 00:00:25.514000,0 days 00:00:33.716000,0 days 00:00:32.913000
LAW,Racing Bulls,3.0,2.0,HARD,0 days 00:02:17.010000,137.01,1,False,,0 days 00:01:09.888000,0 days 00:00:38.283000,0 days 00:00:28.839000
LAW,Racing Bulls,4.0,2.0,HARD,0 days 00:01:35.782000,95.782,1,False,,0 days 00:00:25.916000,0 days 00:00:33.219000,0 days 00:00:36.647000
LAW,Racing Bulls,5.0,3.0,HARD,,,1,False,,,0 days 00:00:43.477000,0 days 00:00:28.312000
LAW,Racing Bulls,6.0,3.0,HARD,0 days 00:01:16.981000,76.981,1,True,,0 days 00:00:22.771000,0 days 00:00:30.961000,0 days 00:00:23.249000
LAW,Racing Bulls,7.0,3.0,HARD,0 days 00:02:14.056000,134.056,1,True,,0 days 00:00:36.923000,0 days 00:01:00.381000,0 days 00:00:36.752000
LAW,Racing Bulls,8.0,3.0,HARD,0 days 00:01:48.189000,108.189,1,True,,0 days 00:00:36.813000,0 days 00:00:43.554000,0 days 00:00:27.822000
LAW,Racing Bulls,9.0,3.0,HARD,0 days 00:01:15.979000,75.979,1,True,,0 days 00:00:22.495000,0 days 00:00:30.475000,0 days 00:00:23.009000
LAW,Racing Bulls,10.0,3.0,HARD,0 days 00:01:58.893000,118.893,1,False,,0 days 00:00:32.722000,0 days 00:00:48.659000,0 days 00:00:37.512000
LAW,Racing Bulls,11.0,4.0,HARD,0 days 00:02:29.711000,149.711,1,False,,0 days 00:01:11.112000,0 days 00:00:50.286000,0 days 00:00:28.313000
LAW,Racing Bulls,12.0,4.0,HARD,0 days 00:01:15.909000,75.909,1,True,,0 days 00:00:22.460000,0 days 00:00:30.463000,0 days 00:00:22.986000
LAW,Racing Bulls,13.0,4.0,HARD,0 days 00:02:07.754000,127.754,1,True,,0 days 00:00:35.772000,0 days 00:00:52.921000,0 days 00:00:39.061000
LAW,Racing Bulls,14.0,4.0,HARD,0 days 00:02:06.663000,126.663,1,True,,0 days 00:00:45.509000,0 days 00:00:49.646000,0 days 00:00:31.508000
LAW,Racing Bulls,15.0,4.0,HARD,0 days 00:01:15.507000,75.507,1,True,,0 days 00:00:22.359000,0 days 00:00:30.328000,0 days 00:00:22.820000
LAW,Racing Bulls,16.0,4.0,HARD,0 days 00:01:39.836000,99.836,1,False,,0 days 00:00:24.936000,0 days 00:00:38.372000,0 days 00:00:36.528000
LAW,Racing Bulls,17.0,5.0,SOFT,,,1,False,,,0 days 00:00:38.901000,0 days 00:00:26.066000
LAW,Racing Bulls,18.0,5.0,SOFT,0 days 00:01:14.339000,74.339,1,True,,0 days 00:00:22.141000,0 days 00:00:29.840000,0 days 00:00:22.358000
LAW,Racing Bulls,19.0,5.0,SOFT,0 days 00:01:41.272000,101.272,1,False,,0 days 00:00:27.186000,0 days 00:00:38.847000,0 days 00:00:35.239000
LAW,Racing Bulls,20.0,6.0,SOFT,,,12,False,,,0 days 00:00:32.177000,0 days 00:00:24.157000
LAW,Racing Bulls,21.0,6.0,SOFT,0 days 00:01:20.823000,80.823,12,True,,0 days 00:00:24.280000,0 days 00:00:32.280000,0 days 00:00:24.263000
LAW,Racing Bulls,22.0,6.0,SOFT,0 days 00:01:21.043000,81.043,1,True,,0 days 00:00:24.209000,0 days 00:00:32.511000,0 days 00:00:24.323000
LAW,Racing Bulls,23.0,6.0,SOFT,0 days 00:01:20.912000,80.912,1,True,,0 days 00:00:24.158000,0 days 00:00:32.352000,0 days 00:00:24.402000
LAW,Racing Bulls,24.0,6.0,SOFT,0 days 00:01:21.167000,81.167,1,True,,0 days 00:00:24.146000,0 days 00:00:32.472000,0 days 00:00:24.549000
LAW,Racing Bulls,25.0,6.0,SOFT,0 days 00:01:20.796000,80.796,1,True,,0 days 00:00:24.097000,0 days 00:00:32.410000,0 days 00:00:24.289000
LAW,Racing Bulls,26.0,6.0,SOFT,0 days 00:01:20.778000,80.778,1,True,,0 days 00:00:24.172000,0 days 00:00:32.458000,0 days 00:00:24.148000
LAW,Racing Bulls,27.0,6.0,SOFT,0 days 00:02:24.703000,144.703,1,True,,0 days 00:00:33.274000,0 days 00:00:58.073000,0 days 00:00:53.356000
LAW,Racing Bulls,28.0,6.0,SOFT,0 days 00:02:05.892000,125.892,1,False,,0 days 00:00:53.249000,0 days 00:00:40.730000,0 days 00:00:31.913000
COL,Alpine,1.0,1.0,MEDIUM,,,1,False,,,0 days 00:00:38.542000,0 days 00:00:27.761000
COL,Alpine,2.0,1.0,MEDIUM,0 days 00:01:17.639000,77.639,1,True,,0 days 00:00:22.782000,0 days 00:00:31.389000,0 days 00:00:23.468000
COL,Alpine,3.0,1.0,MEDIUM,0 days 00:02:12.103000,132.103,1,True,,0 days 00:00:40.632000,0 days 00:00:57.995000,0 days 00:00:33.476000
COL,Alpine,4.0,1.0,MEDIUM,0 days 00:01:16.600000,76.6,1,True,,0 days 00:00:22.478000,0 days 00:00:30.733000,0 days 00:00:23.389000
COL,Alpine,5.0,1.0,MEDIUM,0 days 00:02:18.942000,138.942,1,False,,0 days 00:00:39.735000,0 days 00:00:58.408000,0 days 00:00:40.799000
COL,Alpine,6.0,2.0,MEDIUM,0 days 00:02:22.304000,142.304,1,False,,0 days 00:00:59.419000,0 days 00:00:53.571000,0 days 00:00:29.314000
COL,Alpine,7.0,2.0,MEDIUM,0 days 00:01:39.902000,99.902,1,True,,0 days 00:00:22.791000,0 days 00:00:37.703000,0 days 00:00:39.408000
COL,Alpine,8.0,2.0,MEDIUM,0 days 00:01:56.740000,116.74,1,True,,0 days 00:00:37.247000,0 days 00:00:50.914000,0 days 00:00:28.579000
COL,Alpine,9.0,2.0,MEDIUM,0 days 00:01:17.336000,77.336,1,True,,0 days 00:00:22.602000,0 days 00:00:31.107000,0 days 00:00:23.627000
COL,Alpine,10.0,2.0,MEDIUM,0 days 00:02:15.424000,135.424,1,False,,0 days 00:00:39.890000,0 days 00:00:54.721000,0 days 00:00:40.813000
COL,Alpine,11.0,3.0,MEDIUM,0 days 00:02:26.396000,146.396,1,False,,0 days 00:01:05.982000,0 days 00:00:52.447000,0 days 00:00:27.967000
COL,Alpine,12.0,3.0,MEDIUM,0 days 00:01:17.444000,77.444,1,True,,0 days 00:00:22.632000,0 days 00:00:31.236000,0 days 00:00:23.576000
COL,Alpine,13.0,3.0,MEDIUM,0 days 00:02:07.911000,127.911,1,False,,0 days 00:00:27.532000,0 days 00:00:56.520000,0 days 00:00:43.859000
COL,Alpine,14.0,4.0,MEDIUM,0 days 00:02:18.417000,138.417,1,False,,0 days 00:00:54.059000,0 days 00:00:52.802000,0 days 00:00:31.556000
COL,Alpine,15.0,4.0,MEDIUM,0 days 00:01:16.745000,76.745,1,True,,0 days 00:00:22.636000,0 days 00:00:30.908000,0 days 00:00:23.201000
COL,Alpine,16.0,4.0,MEDIUM,0 days 00:01:57.513000,117.513,1,False,,0 days 00:00:30.625000,0 days 00:00:51.354000,0 days 00:00:35.534000
COL,Alpine,17.0,5.0,SOFT,,,1,False,,,0 days 00:00:46.601000,0 days 00:00:31.763000
COL,Alpine,18.0,5.0,SOFT,0 days 00:01:15.530000,75.53,1,True,,0 days 00:00:22.318000,0 days 00:00:30.224000,0 days 00:00:22.988000
COL,Alpine,19.0,5.0,SOFT,0 days 00:02:19.980000,139.98,1,False,,0 days 00:00:39.659000,0 days 00:00:57.818000,0 days 00:00:42.503000
HAM,Ferrari,1.0,1.0,HARD,,,1,False,,,0 days 00:00:39.729000,0 days 00:00:27.756000
HAM,Ferrari,2.0,1.0,HARD,0 days 00:01:16.778000,76.778,1,True,,0 days 00:00:22.655000,0 days 00:00:30.735000,0 days 00:00:23.388000
HAM,Ferrari,3.0,1.0,HARD,,,1,False,,0 days 00:00:48.552000,0 days 00:01:14.543000,0 days 00:00:38.367000
HAM,Ferrari,4.0,1.0,HARD,0 days 00:01:16.011000,76.011,1,True,,0 days 00:00:22.497000,0 days 00:00:30.459000,0 days 00:00:23.055000
HAM,Ferrari,5.0,1.0,HARD,,,1,False,,0 days 00:00:55.308000,0 days 00:01:23.052000,0 days 00:00:34.104000
HAM,Ferrari,6.0,1.0,HARD,0 days 00:01:50.579000,110.579,1,True,,0 days 00:00:26.788000,0 days 00:00:48.917000,0 days 00:00:34.874000
HAM,Ferrari,7.0,1.0,HARD,0 days 00:01:34.523000,94.523,1,True,,0 days 00:00:22.660000,0 days 00:00:42.076000,0 days 00:00:29.787000
HAM,Ferrari,8.0,1.0,HARD,0 days 00:01:38.745000,98.745,1,True,,0 days 00:00:25.547000,0 days 00:00:47.333000,0 days 00:00:25.865000
HAM,Ferrari,9.0,1.0,HARD,0 days 00:01:15.980000,75.98,1,True,,0 days 00:00:22.411000,0 days 00:00:30.315000,0 days 00:00:23.254000
HAM,Ferrari,10.0,1.0,HARD,,,1,False,,0 days 00:00:36.382000,0 days 00:01:12.093000,0 days 00:00:49.833000
HAM,Ferrari,11.0,1.0,HARD,0 days 00:01:23.009000,83.009,1,False,,0 days 00:00:22.439000,0 days 00:00:32.426000,0 days 00:00:28.144000
HAM,Ferrari,12.0,2.0,SOFT,,,1,False,,,0 days 00:00:49.266000,0 days 00:00:41.157000
HAM,Ferrari,13.0,2.0,SOFT,0 days 00:01:14.096000,74.096,1,True,,0 days 00:00:22.100000,0 days 00:00:29.573000,0 days 00:00:22.423000
HAM,Ferrari,14.0,2.0,SOFT,,,1,False,,0 days 00:00:46.023000,0 days 00:01:18.495000,0 days 00:00:50.734000
HAM,Ferrari,15.0,3.0,SOFT,,,1,False,,0 days 00:01:19.191000,0 days 00:00:48.348000,0 days 00:00:35.450000
HAM,Ferrari,16.0,3.0,SOFT,0 days 00:01:22.926000,82.926,1,False,,0 days 00:00:22.133000,0 days 00:00:29.753000,0 days 00:00:31.040000
HAM,Ferrari,17.0,4.0,HARD,,,1,False,,,0 days 00:00:33.038000,0 days 00:00:24.358000
HAM,Ferrari,18.0,4.0,HARD,0 days 00:01:20.579000,80.579,1,True,,0 days 00:00:24.082000,0 days 00:00:32.418000,0 days 00:00:24.079000
HAM,Ferrari,19.0,4.0,HARD,0 days 00:01:20.112000,80.112,1,True,,0 days 00:00:23.834000,0 days 00:00:32.247000,0 days 00:00:24.031000
HAM,Ferrari,20.0,4.0,HARD,0 days 00:01:20.577000,80.577,1,True,,0 days 00:00:23.806000,0 days 00:00:32.178000,0 days 00:00:24.593000
HAM,Ferrari,21.0,4.0,HARD,0 days 00:01:20.577000,80.577,1,True,,0 days 00:00:23.883000,0 days 00:00:32.504000,0 days 00:00:24.190000
HAM,Ferrari,22.0,4.0,HARD,0 days 00:01:20.284000,80.284,12,True,,0 days 00:00:23.819000,0 days 00:00:32.322000,0 days 00:00:24.143000
HAM,Ferrari,23.0,4.0,HARD,0 days 00:01:28.783000,88.783,1,True,,0 days 00:00:24.186000,0 days 00:00:33.201000,0 days 00:00:31.396000
HAM,Ferrari,24.0,4.0,HARD,0 days 00:01:20.735000,80.735,1,True,,0 days 00:00:23.741000,0 days 00:00:32.671000,0 days 00:00:24.323000
HAM,Ferrari,25.0,4.0,HARD,0 days 00:01:21.841000,81.841,1,True,,0 days 00:00:24.349000,0 days 00:00:32.989000,0 days 00:00:24.503000
HAM,Ferrari,26.0,4.0,HARD,0 days 00:01:20.603000,80.603,1,True,,0 days 00:00:23.899000,0 days 00:00:32.387000,0 days 00:00:24.317000
HAM,Ferrari,27.0,4.0,HARD,0 days 00:01:21.651000,81.651,1,True,,0 days 00:00:24.058000,0 days 00:00:32.807000,0 days 00:00:24.786000
HAM,Ferrari,28.0,4.0,HARD,0 days 00:02:24.159000,144.159,1,True,,0 days 00:00:41.389000,0 days 00:00:53.749000,0 days 00:00:49.021000
HAM,Ferrari,29.0,4.0,HARD,0 days 00:02:03.428000,123.428,1,False,,0 days 00:00:53.123000,0 days 00:00:39.482000,0 days 00:00:30.823000
MAR,Unknown,1.0,1.0,HARD,,,1,False,,,0 days 00:00:36.654000,0 days 00:00:34.286000
MAR,Unknown,2.0,2.0,HARD,,,1,False,,,0 days 00:00:34.621000,0 days 00:00:32.170000
MAR,Unknown,3.0,2.0,HARD,0 days 00:01:37.518000,97.518,1,False,,0 days 00:00:24.566000,0 days 00:00:38.093000,0 days 00:00:34.859000
MAR,Unknown,4.0,3.0,HARD,,,1,False,,,0 days 00:00:41.593000,0 days 00:00:28.760000
MAR,Unknown,5.0,3.0,HARD,0 days 00:01:36.943000,96.943,1,True,,0 days 00:00:29.124000,0 days 00:00:40.130000,0 days 00:00:27.689000
MAR,Unknown,6.0,3.0,HARD,0 days 00:01:17.928000,77.928,1,True,,0 days 00:00:23.013000,0 days 00:00:31.245000,0 days 00:00:23.670000
MAR,Unknown,7.0,3.0,HARD,0 days 00:01:54.296000,114.296,1,True,,0 days 00:00:34.227000,0 days 00:00:46.806000,0 days 00:00:33.263000
MAR,Unknown,8.0,3.0,HARD,0 days 00:01:17.132000,77.132,1,True,,0 days 00:00:22.862000,0 days 00:00:31.061000,0 days 00:00:23.209000
MAR,Unknown,9.0,3.0,HARD,0 days 00:01:51.474000,111.474,1,True,,0 days 00:00:29.788000,0 days 00:00:46.915000,0 days 00:00:34.771000
MAR,Unknown,10.0,3.0,HARD,0 days 00:01:17.034000,77.034,1,True,,0 days 00:00:22.743000,0 days 00:00:31.035000,0 days 00:00:23.256000
MAR,Unknown,11.0,3.0,HARD,0 days 00:01:46.171000,106.171,1,True,,0 days 00:00:30.253000,0 days 00:00:46.091000,0 days 00:00:29.827000
MAR,Unknown,12.0,3.0,HARD,0 days 00:01:27.957000,87.957,1,False,,0 days 00:00:22.483000,0 days 00:00:30.827000,0 days 00:00:34.647000
MAR,Unknown,13.0,4.0,HARD,0 days 00:02:26.588000,146.588,1,False,,0 days 00:01:26.901000,0 days 00:00:34.296000,0 days 00:00:25.391000
MAR,Unknown,14.0,4.0,HARD,0 days 00:01:30.910000,90.91,1,True,,0 days 00:00:23.359000,0 days 00:00:39.004000,0 days 00:00:28.547000
MAR,Unknown,15.0,4.0,HARD,0 days 00:01:28.608000,88.608,1,False,,0 days 00:00:23.042000,0 days 00:00:31.453000,0 days 00:00:34.113000
MAR,Unknown,16.0,5.0,MEDIUM,,,1,False,,,0 days 00:00:38.083000,0 days 00:00:35.238000
MAR,Unknown,17.0,5.0,MEDIUM,0 days 00:01:15.663000,75.663,1,True,,0 days 00:00:22.584000,0 days 00:00:30.446000,0 days 00:00:22.633000
MAR,Unknown,18.0,5.0,MEDIUM,0 days 00:01:53.519000,113.519,1,True,,0 days 00:00:29.292000,0 days 00:00:46.079000,0 days 00:00:38.148000
MAR,Unknown,19.0,5.0,MEDIUM,0 days 00:01:15.522000,75.522,1,True,,0 days 00:00:22.332000,0 days 00:00:30.368000,0 days 00:00:22.822000
MAR,Unknown,20.0,5.0,MEDIUM,0 days 00:01:46.437000,106.437,1,True,,0 days 00:00:29.573000,0 days 00:00:43.283000,0 days 00:00:33.581000
MAR,Unknown,21.0,5.0,MEDIUM,0 days 00:01:48.971000,108.971,1,True,,0 days 00:00:32.787000,0 days 00:00:46.420000,0 days 00:00:29.764000
MAR,Unknown,22.0,5.0,MEDIUM,0 days 00:01:16.496000,76.496,1,True,,0 days 00:00:22.562000,0 days 00:00:30.746000,0 days 00:00:23.188000
MAR,Unknown,23.0,5.0,MEDIUM,0 days 00:01:40.489000,100.489,1,False,,0 days 00:00:26.021000,0 days 00:00:39.724000,0 days 00:00:34.744000
MAR,Unknown,24.0,6.0,HARD,,,12,False,,,0 days 00:00:34.337000,0 days 00:00:25.402000
MAR,Unknown,25.0,6.0,HARD,0 days 00:01:50.380000,110.38,1,True,,0 days 00:00:34.810000,0 days 00:00:42.521000,0 days 00:00:33.049000
MAR,Unknown,26.0,6.0,HARD,0 days 00:01:55.303000,115.303,1,False,,0 days 00:00:29.519000,0 days 00:00:50.605000,0 days 00:00:35.179000
HIR,Unknown,1.0,1.0,HARD,,,1,False,,,0 days 00:00:45.493000,0 days 00:00:26.654000
HIR,Unknown,2.0,1.0,HARD,0 days 00:01:24.588000,84.588,1,True,,0 days 00:00:25.673000,0 days 00:00:34.491000,0 days 00:00:24.424000
HIR,Unknown,3.0,1.0,HARD,0 days 00:01:46.934000,106.934,1,False,,0 days 00:00:22.658000,0 days 00:00:30.890000,0 days 00:00:53.386000
HIR,Unknown,4.0,2.0,HARD,0 days 00:02:28.745000,148.745,1,False,,0 days 00:01:12.020000,0 days 00:00:48.824000,0 days 00:00:27.901000
HIR,Unknown,5.0,2.0,HARD,0 days 00:01:17.351000,77.351,1,True,,0 days 00:00:22.759000,0 days 00:00:30.922000,0 days 00:00:23.670000
HIR,Unknown,6.0,2.0,HARD,,,1,False,,0 days 00:00:39.184000,0 days 00:01:07.614000,0 days 00:00:46.145000
HIR,Unknown,7.0,3.0,HARD,,,1,False,,0 days 00:01:14.814000,0 days 00:00:54.145000,0 days 00:00:29.388000
HIR,Unknown,8.0,3.0,HARD,0 days 00:01:17.413000,77.413,1,True,,0 days 00:00:22.971000,0 days 00:00:31.112000,0 days 00:00:23.330000
HIR,Unknown,9.0,3.0,HARD,0 days 00:02:15.816000,135.816,1,True,,0 days 00:00:38.476000,0 days 00:00:57.779000,0 days 00:00:39.561000
HIR,Unknown,10.0,3.0,HARD,0 days 00:02:06.888000,126.888,1,True,,0 days 00:00:47.920000,0 days 00:00:48.838000,0 days 00:00:30.130000
HIR,Unknown,11.0,3.0,HARD,0 days 00:01:17.633000,77.633,1,True,,0 days 00:00:23.025000,0 days 00:00:31.080000,0 days 00:00:23.528000
HIR,Unknown,12.0,3.0,HARD,0 days 00:01:38.340000,98.34,1,False,,0 days 00:00:29.674000,0 days 00:00:37.407000,0 days 00:00:31.259000
HIR,Unknown,13.0,4.0,SOFT,,,1,False,,,0 days 00:00:42.509000,0 days 00:00:26.793000
HIR,Unknown,14.0,4.0,SOFT,0 days 00:01:15.298000,75.298,1,True,,0 days 00:00:22.316000,0 days 00:00:30.208000,0 days 00:00:22.774000
HIR,Unknown,15.0,4.0,SOFT,0 days 00:02:06.088000,126.088,1,False,,0 days 00:00:38.354000,0 days 00:00:52.696000,0 days 00:00:35.038000
HIR,Unknown,16.0,5.0,SOFT,,,1,False,,,0 days 00:00:51.545000,0 days 00:00:25.427000
HIR,Unknown,17.0,5.0,SOFT,0 days 00:01:22.676000,82.676,1,False,,0 days 00:00:22.659000,0 days 00:00:30.860000,0 days 00:00:29.157000
HIR,Unknown,18.0,6.0,HARD,,,12,False,,,0 days 00:00:33.154000,0 days 00:00:24.426000
HIR,Unknown,19.0,6.0,HARD,0 days 00:01:20.837000,80.837,1,True,,0 days 00:00:24.244000,0 days 00:00:32.438000,0 days 00:00:24.155000
HIR,Unknown,20.0,6.0,HARD,0 days 00:01:20.372000,80.372,1,True,,0 days 00:00:23.876000,0 days 00:00:32.286000,0 days 00:00:24.210000
HIR,Unknown,21.0,6.0,HARD,0 days 00:01:20.490000,80.49,1,True,,0 days 00:00:23.925000,0 days 00:00:32.328000,0 days 00:00:24.237000
HIR,Unknown,22.0,6.0,HARD,0 days 00:02:06.335000,126.335,1,True,,0 days 00:00:27.528000,0 days 00:00:45.173000,0 days 00:00:53.634000
HIR,Unknown,23.0,6.0,HARD,0 days 00:02:04.225000,124.225,1,False,,0 days 00:00:52.780000,0 days 00:00:38.518000,0 days 00:00:32.927000
SAI,Williams,1.0,1.0,HARD,,,1,False,,,0 days 00:00:36.822000,0 days 00:00:29.290000
SAI,Williams,2.0,1.0,HARD,0 days 00:01:17.112000,77.112,1,True,,0 days 00:00:22.792000,0 days 00:00:31.024000,0 days 00:00:23.296000
SAI,Williams,3.0,1.0,HARD,0 days 00:02:17.357000,137.357,1,True,,0 days 00:00:45.516000,0 days 00:01:01.834000,0 days 00:00:30.007000
SAI,Williams,4.0,1.0,HARD,0 days 00:01:16.328000,76.328,1,True,,0 days 00:00:22.451000,0 days 00:00:30.713000,0 days 00:00:23.164000
SAI,Williams,5.0,1.0,HARD,0 days 00:01:50.796000,110.796,1,False,,0 days 00:00:35.495000,0 days 00:00:42.894000,0 days 00:00:32.407000
SAI,Williams,6.0,2.0,HARD,0 days 00:02:21.061000,141.061,1,False,,0 days 00:01:13.248000,0 days 00:00:39.429000,0 days 00:00:28.384000
SAI,Williams,7.0,2.0,HARD,0 days 00:01:16.344000,76.344,1,True,,0 days 00:00:22.562000,0 days 00:00:30.735000,0 days 00:00:23.047000
SAI,Williams,8.0,2.0,HARD,0 days 00:01:58.305000,118.305,1,False,,0 days 00:00:35.915000,0 days 00:00:50.098000,0 days 00:00:32.292000
SAI,Williams,9.0,3.0,MEDIUM,,,1,False,,0 days 00:01:10.176000,0 days 00:00:40.896000,0 days 00:00:40.410000
SAI,Williams,10.0,3.0,MEDIUM,0 days 00:01:14.966000,74.966,1,True,,0 days 00:00:22.230000,0 days 00:00:30.035000,0 days 00:00:22.701000
SAI,Williams,11.0,3.0,MEDIUM,0 days 00:02:09.116000,129.116,1,False,,0 days 00:00:37.645000,0 days 00:00:50.598000,0 days 00:00:40.873000
SAI,Williams,12.0,4.0,MEDIUM,0 days 00:02:06.084000,126.084,1,False,,0 days 00:01:00.750000,0 days 00:00:38.865000,0 days 00:00:26.469000
SAI,Williams,13.0,4.0,MEDIUM,0 days 00:01:14.935000,74.935,1,True,,0 days 00:00:22.217000,0 days 00:00:30.112000,0 days 00:00:22.606000
SAI,Williams,14.0,4.0,MEDIUM,0 days 00:01:32.772000,92.772,1,False,,0 days 00:00:27.051000,0 days 00:00:34.980000,0 days 00:00:30.741000
SAI,Williams,15.0,5.0,MEDIUM,,,1,False,,,0 days 00:00:34.850000,0 days 00:00:24.500000
SAI,Williams,16.0,5.0,MEDIUM,0 days 00:01:21.077000,81.077,1,True,,0 days 00:00:24.066000,0 days 00:00:32.580000,0 days 00:00:24.431000
SAI,Williams,17.0,5.0,MEDIUM,0 days 00:01:21.052000,81.052,1,True,,0 days 00:00:24.042000,0 days 00:00:32.775000,0 days 00:00:24.235000
SAI,Williams,18.0,5.0,MEDIUM,0 days 00:01:20.981000,80.981,1,True,,0 days 00:00:24.162000,0 days 00:00:32.513000,0 days 00:00:24.306000
SAI,Williams,19.0,5.0,MEDIUM,0 days 00:01:21.246000,81.246,12,True,,0 days 00:00:24.026000,0 days 00:00:32.708000,0 days 00:00:24.512000
SAI,Williams,20.0,5.0,MEDIUM,0 days 00:01:24.097000,84.097,12,True,,0 days 00:00:24.241000,0 days 00:00:33.228000,0 days 00:00:26.628000
SAI,Williams,21.0,5.0,MEDIUM,0 days 00:01:21.811000,81.811,1,True,,0 days 00:00:24.256000,0 days 00:00:32.978000,0 days 00:00:24.577000
SAI,Williams,22.0,5.0,MEDIUM,0 days 00:01:22.003000,82.003,1,True,,0 days 00:00:24.193000,0 days 00:00:33.069000,0 days 00:00:24.741000
SAI,Williams,23.0,5.0,MEDIUM,0 days 00:01:28.208000,88.208,1,False,,0 days 00:00:24.136000,0 days 00:00:33.628000,0 days 00:00:30.444000
SAI,Williams,24.0,6.0,HARD,0 days 00:01:43.628000,103.628,1,False,,0 days 00:00:46.040000,0 days 00:00:32.948000,0 days 00:00:24.640000
SAI,Williams,25.0,6.0,HARD,0 days 00:01:43.608000,103.608,1,True,,0 days 00:00:23.995000,0 days 00:00:45.611000,0 days 00:00:34.002000
SAI,Williams,26.0,6.0,HARD,0 days 00:02:01.771000,121.771,1,False,,0 days 00:00:57.801000,0 days 00:00:34.123000,0 days 00:00:29.847000
RUS,Mercedes,1.0,1.0,HARD,,,1,False,,,0 days 00:00:42.650000,0 days 00:00:28.494000
RUS,Mercedes,2.0,1.0,HARD,0 days 00:01:17.019000,77.019,1,True,,0 days 00:00:22.879000,0 days 00:00:31.134000,0 days 00:00:23.006000
RUS,Mercedes,3.0,1.0,HARD,0 days 00:02:22.078000,142.078,1,True,,0 days 00:00:41.031000,0 days 00:01:02.374000,0 days 00:00:38.673000
RUS,Mercedes,4.0,1.0,HARD,0 days 00:01:16.169000,76.169,1,True,,0 days 00:00:22.438000,0 days 00:00:30.599000,0 days 00:00:23.132000
RUS,Mercedes,5.0,1.0,HARD,,,1,False,,0 days 00:00:46.558000,0 days 00:01:03.337000,0 days 00:00:44.298000
RUS,Mercedes,6.0,2.0,HARD,,,1,False,,0 days 00:01:06.281000,0 days 00:00:59.294000,0 days 00:00:35.237000
RUS,Mercedes,7.0,2.0,HARD,0 days 00:01:15.876000,75.876,1,True,,0 days 00:00:22.492000,0 days 00:00:30.429000,0 days 00:00:22.955000
RUS,Mercedes,8.0,2.0,HARD,0 days 00:01:46.862000,106.862,1,False,,0 days 00:00:30.240000,0 days 00:00:42.951000,0 days 00:00:33.671000
RUS,Mercedes,9.0,3.0,MEDIUM,,,1,False,,,0 days 00:00:42.436000,0 days 00:00:32.300000
RUS,Mercedes,10.0,3.0,MEDIUM,0 days 00:02:01.829000,121.829,1,True,,0 days 00:00:27.683000,0 days 00:01:04.113000,0 days 00:00:30.033000
RUS,Mercedes,11.0,3.0,MEDIUM,0 days 00:01:14.751000,74.751,1,True,,0 days 00:00:22.265000,0 days 00:00:29.796000,0 days 00:00:22.690000
RUS,Mercedes,12.0,3.0,MEDIUM,0 days 00:01:48.107000,108.107,1,False,,0 days 00:00:28.594000,0 days 00:00:41.526000,0 days 00:00:37.987000
RUS,Mercedes,13.0,4.0,MEDIUM,,,1,False,,,0 days 00:00:34.712000,0 days 00:00:27.011000
RUS,Mercedes,14.0,4.0,MEDIUM,0 days 00:01:20.326000,80.326,1,True,,0 days 00:00:23.973000,0 days 00:00:32.267000,0 days 00:00:24.086000
RUS,Mercedes,15.0,4.0,MEDIUM,0 days 00:01:20.053000,80.053,1,True,,0 days 00:00:23.843000,0 days 00:00:32.152000,0 days 00:00:24.058000
RUS,Mercedes,16.0,4.0,MEDIUM,0 days 00:01:20.721000,80.721,1,True,,0 days 00:00:23.940000,0 days 00:00:32.434000,0 days 00:00:24.347000
RUS,Mercedes,17.0,4.0,MEDIUM,0 days 00:01:21.113000,81.113,1,True,,0 days 00:00:24.202000,0 days 00:00:32.536000,0 days 00:00:24.375000
RUS,Mercedes,18.0,4.0,MEDIUM,0 days 00:01:21.440000,81.44,1,True,,0 days 00:00:24.173000,0 days 00:00:32.789000,0 days 00:00:24.478000
RUS,Mercedes,19.0,4.0,MEDIUM,0 days 00:01:21.069000,81.069,1,True,,0 days 00:00:24.172000,0 days 00:00:32.481000,0 days 00:00:24.416000
RUS,Mercedes,20.0,4.0,MEDIUM,0 days 00:01:20.803000,80.803,1,True,,0 days 00:00:23.911000,0 days 00:00:32.546000,0 days 00:00:24.346000
RUS,Mercedes,21.0,4.0,MEDIUM,0 days 00:01:21.050000,81.05,1,True,,0 days 00:00:24.009000,0 days 00:00:32.640000,0 days 00:00:24.401000
RUS,Mercedes,22.0,4.0,MEDIUM,0 days 00:01:20.923000,80.923,1,True,,0 days 00:00:23.887000,0 days 00:00:32.529000,0 days 00:00:24.507000
RUS,Mercedes,23.0,4.0,MEDIUM,0 days 00:01:20.666000,80.666,1,True,,0 days 00:00:23.811000,0 days 00:00:32.552000,0 days 00:00:24.303000
RUS,Mercedes,24.0,4.0,MEDIUM,0 days 00:01:20.879000,80.879,1,True,,0 days 00:00:23.898000,0 days 00:00:32.440000,0 days 00:00:24.541000
RUS,Mercedes,25.0,4.0,MEDIUM,0 days 00:01:21.409000,81.409,12,True,,0 days 00:00:23.880000,0 days 00:00:32.766000,0 days 00:00:24.763000
RUS,Mercedes,26.0,4.0,MEDIUM,0 days 00:01:22.085000,82.085,1,True,,0 days 00:00:23.847000,0 days 00:00:33.354000,0 days 00:00:24.884000
RUS,Mercedes,27.0,4.0,MEDIUM,0 days 00:01:21.818000,81.818,1,True,,0 days 00:00:23.954000,0 days 00:00:32.982000,0 days 00:00:24.882000
RUS,Mercedes,28.0,4.0,MEDIUM,0 days 00:01:22.188000,82.188,1,True,,0 days 00:00:24.155000,0 days 00:00:33.234000,0 days 00:00:24.799000
RUS,Mercedes,29.0,4.0,MEDIUM,0 days 00:01:23.262000,83.262,1,True,,0 days 00:00:24.820000,0 days 00:00:33.472000,0 days 00:00:24.970000
RUS,Mercedes,30.0,4.0,MEDIUM,0 days 00:01:27.020000,87.02,1,True,,0 days 00:00:24.135000,0 days 00:00:33.385000,0 days 00:00:29.500000
RUS,Mercedes,31.0,4.0,MEDIUM,0 days 00:02:00.210000,120.21,1,True,,0 days 00:00:31.273000,0 days 00:00:46.369000,0 days 00:00:42.568000
RUS,Mercedes,32.0,4.0,MEDIUM,,,1,False,,0 days 00:00:54.593000,0 days 00:00:36.641000,
PIA,McLaren,1.0,1.0,HARD,,,1,False,,,0 days 00:00:37.986000,0 days 00:00:26.073000
PIA,McLaren,2.0,1.0,HARD,0 days 00:01:16.104000,76.104,1,True,,0 days 00:00:22.543000,0 days 00:00:30.567000,0 days 00:00:22.994000
PIA,McLaren,3.0,1.0,HARD,0 days 00:02:16.677000,136.677,1,True,,0 days 00:00:36.052000,0 days 00:01:02.519000,0 days 00:00:38.106000
PIA,McLaren,4.0,1.0,HARD,0 days 00:01:16.145000,76.145,1,True,,0 days 00:00:22.546000,0 days 00:00:30.502000,0 days 00:00:23.097000
PIA,McLaren,5.0,1.0,HARD,0 days 00:02:07.213000,127.213,1,True,,0 days 00:00:40.906000,0 days 00:00:53.677000,0 days 00:00:32.630000
PIA,McLaren,6.0,1.0,HARD,0 days 00:01:15.812000,75.812,1,True,,0 days 00:00:22.389000,0 days 00:00:30.287000,0 days 00:00:23.136000
PIA,McLaren,7.0,1.0,HARD,0 days 00:01:24.226000,84.226,1,False,,0 days 00:00:22.960000,0 days 00:00:31.008000,0 days 00:00:30.258000
PIA,McLaren,8.0,2.0,HARD,,,1,False,,,0 days 00:00:41.915000,0 days 00:00:26.432000
PIA,McLaren,9.0,2.0,HARD,0 days 00:01:15.821000,75.821,1,True,,0 days 00:00:22.366000,0 days 00:00:30.511000,0 days 00:00:22.944000
PIA,McLaren,10.0,2.0,HARD,0 days 00:01:23.555000,83.555,1,False,,0 days 00:00:23.515000,0 days 00:00:31.092000,0 days 00:00:28.948000
PIA,McLaren,11.0,3.0,SOFT,,,1,False,,,0 days 00:00:42.253000,0 days 00:00:33.355000
PIA,McLaren,12.0,3.0,SOFT,0 days 00:01:14.294000,74.294,1,True,,0 days 00:00:21.983000,0 days 00:00:29.814000,0 days 00:00:22.497000
PIA,McLaren,13.0,3.0,SOFT,0 days 00:01:53.950000,113.95,1,False,,0 days 00:00:35.324000,0 days 00:00:43.262000,0 days 00:00:35.364000
PIA,McLaren,14.0,4.0,SOFT,,,1,False,,0 days 00:01:12.440000,0 days 00:00:47.873000,0 days 00:00:38.713000
PIA,McLaren,15.0,4.0,SOFT,0 days 00:01:14.663000,74.663,1,True,,0 days 00:00:22.120000,0 days 00:00:29.884000,0 days 00:00:22.659000
PIA,McLaren,16.0,4.0,SOFT,0 days 00:01:35.445000,95.445,1,False,,0 days 00:00:25.986000,0 days 00:00:37.995000,0 days 00:00:31.464000
PIA,McLaren,17.0,5.0,SOFT,,,1,False,,,0 days 00:00:32.914000,0 days 00:00:24.392000
PIA,McLaren,18.0,5.0,SOFT,0 days 00:01:20.735000,80.735,1,True,,0 days 00:00:23.892000,0 days 00:00:32.615000,0 days 00:00:24.228000
PIA,McLaren,19.0,5.0,SOFT,0 days 00:01:20.471000,80.471,1,True,,0 days 00:00:24.032000,0 days 00:00:32.375000,0 days 00:00:24.064000
PIA,McLaren,20.0,5.0,SOFT,0 days 00:01:20.332000,80.332,1,True,,0 days 00:00:23.887000,0 days 00:00:32.212000,0 days 00:00:24.233000
PIA,McLaren,21.0,5.0,SOFT,0 days 00:01:21.957000,81.957,12,True,,0 days 00:00:23.923000,0 days 00:00:33.770000,0 days 00:00:24.264000
PIA,McLaren,22.0,5.0,SOFT,0 days 00:01:20.659000,80.659,1,True,,0 days 00:00:23.854000,0 days 00:00:32.378000,0 days 00:00:24.427000
PIA,McLaren,23.0,5.0,SOFT,0 days 00:01:20.706000,80.706,1,True,,0 days 00:00:23.936000,0 days 00:00:32.340000,0 days 00:00:24.430000
PIA,McLaren,24.0,5.0,SOFT,0 days 00:01:21.430000,81.43,1,True,,0 days 00:00:23.926000,0 days 00:00:32.923000,0 days 00:00:24.581000
PIA,McLaren,25.0,5.0,SOFT,0 days 00:01:23.592000,83.592,1,False,,0 days 00:00:23.597000,0 days 00:00:32.232000,0 days 00:00:27.763000
PIA,McLaren,26.0,6.0,HARD,0 days 00:01:56.632000,116.632,1,False,,0 days 00:01:00.827000,0 days 00:00:31.976000,0 days 00:00:23.829000
PIA,McLaren,27.0,6.0,HARD,0 days 00:02:06.685000,126.685,1,True,,0 days 00:00:29.895000,0 days 00:00:47.626000,0 days 00:00:49.164000
PIA,McLaren,28.0,6.0,HARD,0 days 00:02:03.140000,123.14,1,False,,0 days 00:00:55.836000,0 days 00:00:35.260000,0 days 00:00:32.044000
BEA,Haas,1.0,1.0,HARD,,,1,False,,,0 days 00:00:39.231000,0 days 00:00:32.369000
BEA,Haas,2.0,1.0,HARD,0 days 00:01:18.555000,78.555,1,True,,0 days 00:00:23.586000,0 days 00:00:31.364000,0 days 00:00:23.605000
BEA,Haas,3.0,1.0,HARD,0 days 00:02:21.011000,141.011,1,True,,0 days 00:00:48.277000,0 days 00:01:01.502000,0 days 00:00:31.232000
BEA,Haas,4.0,1.0,HARD,0 days 00:01:17.098000,77.098,1,True,,0 days 00:00:22.850000,0 days 00:00:30.841000,0 days 00:00:23.407000
BEA,Haas,5.0,1.0,HARD,0 days 00:02:15.793000,135.793,1,False,,0 days 00:00:42.726000,0 days 00:00:53.454000,0 days 00:00:39.613000
BEA,Haas,6.0,2.0,HARD,,,1,False,,0 days 00:01:07.438000,0 days 00:00:44.919000,0 days 00:00:39.082000
BEA,Haas,7.0,2.0,HARD,0 days 00:01:16.827000,76.827,1,True,,0 days 00:00:22.834000,0 days 00:00:30.796000,0 days 00:00:23.197000
BEA,Haas,8.0,2.0,HARD,0 days 00:02:18.673000,138.673,1,True,,0 days 00:00:43.422000,0 days 00:00:53.429000,0 days 00:00:41.822000
BEA,Haas,9.0,2.0,HARD,0 days 00:02:02.337000,122.337,1,True,,0 days 00:00:41.705000,0 days 00:00:51.020000,0 days 00:00:29.612000
BEA,Haas,10.0,2.0,HARD,0 days 00:01:16.823000,76.823,1,True,,0 days 00:00:22.771000,0 days 00:00:30.865000,0 days 00:00:23.187000
BEA,Haas,11.0,2.0,HARD,0 days 00:01:28.576000,88.576,1,False,,0 days 00:00:26.108000,0 days 00:00:33.751000,0 days 00:00:28.717000
BEA,Haas,12.0,3.0,SOFT,,,1,False,,,0 days 00:00:41.482000,0 days 00:00:28.499000
BEA,Haas,13.0,3.0,SOFT,0 days 00:01:14.597000,74.597,1,True,,0 days 00:00:22.206000,0 days 00:00:29.774000,0 days 00:00:22.617000
BEA,Haas,14.0,3.0,SOFT,0 days 00:02:28.666000,148.666,1,False,,0 days 00:00:42.035000,0 days 00:01:00.945000,0 days 00:00:45.686000
BEA,Haas,15.0,4.0,HARD,,,1,False,,,0 days 00:00:35.043000,0 days 00:00:24.689000
BEA,Haas,16.0,4.0,HARD,0 days 00:01:21.204000,81.204,1,True,,0 days 00:00:23.936000,0 days 00:00:32.697000,0 days 00:00:24.571000
BEA,Haas,17.0,4.0,HARD,0 days 00:01:21.370000,81.37,1,True,,0 days 00:00:24.030000,0 days 00:00:32.626000,0 days 00:00:24.714000
BEA,Haas,18.0,4.0,HARD,0 days 00:01:21.845000,81.845,1,True,,0 days 00:00:24.084000,0 days 00:00:32.960000,0 days 00:00:24.801000
BEA,Haas,19.0,4.0,HARD,0 days 00:01:22.112000,82.112,12,True,,0 days 00:00:24.232000,0 days 00:00:32.937000,0 days 00:00:24.943000
BEA,Haas,20.0,4.0,HARD,0 days 00:01:22.147000,82.147,1,True,,0 days 00:00:24.132000,0 days 00:00:32.992000,0 days 00:00:25.023000
BEA,Haas,21.0,4.0,HARD,0 days 00:01:22.771000,82.771,1,True,,0 days 00:00:24.231000,0 days 00:00:33.453000,0 days 00:00:25.087000
BEA,Haas,22.0,4.0,HARD,0 days 00:01:22.305000,82.305,1,True,,0 days 00:00:24.245000,0 days 00:00:33.252000,0 days 00:00:24.808000
BEA,Haas,23.0,4.0,HARD,0 days 00:01:24.031000,84.031,1,True,,0 days 00:00:24.884000,0 days 00:00:33.932000,0 days 00:00:25.215000
BEA,Haas,24.0,4.0,HARD,0 days 00:01:22.068000,82.068,1,True,,0 days 00:00:24.196000,0 days 00:00:33.164000,0 days 00:00:24.708000
BEA,Haas,25.0,4.0,HARD,0 days 00:02:02.268000,122.268,1,True,,0 days 00:00:29.717000,0 days 00:00:51.914000,0 days 00:00:40.637000
BEA,Haas,26.0,4.0,HARD,0 days 00:01:53.056000,113.056,1,False,,0 days 00:00:49.687000,0 days 00:00:32.801000,0 days 00:00:30.568000
